{"cameraMode":{"drawMode":0,"name":"Shaded","section":"Shading Mode"},"sceneLighting":true,"audioPlay":false,"sceneViewState":{"m_AlwaysRefresh":false,"showFog":true,"showSkybox":true,"showFlares":true,"showImageEffects":true,"showParticleSystems":true,"showVisualEffectGraphs":true,"m_FxEnabled":true},"in2DMode":false,"pivot":{"x":3.8458361625671388,"y":-9.220382690429688,"z":-1.9384956359863282},"rotation":{"x":0.5817301869392395,"y":0.043868064880371097,"z":-0.03144398704171181,"w":0.8115907311439514},"size":20.223608016967775,"orthographic":false}